idx,classes,predictions
0,steel arch bridge,0.43294963240623474
0,pier,0.3302139341831207
0,suspension bridge,0.04886658489704132
0,crane,0.04305052012205124
0,viaduct,0.008062344044446945
0,fireboat,0.004457405302673578
0,"paddlewheel, paddle wheel",0.002449040999636054
0,water tower,0.0014766938984394073
0,"lakeside, lakeshore",0.0012923871399834752
0,"drilling platform, offshore rig",0.0012374893995001912
0,"beacon, lighthouse, beacon light, pharos",0.0011137760011479259
0,"dock, dockage, docking facility",0.0010709899943321943
0,tripod,0.0010706406319513917
0,"microphone, mike",0.0009978230809792876
0,"breakwater, groin, groyne, mole, bulwark, seawall, jetty",0.0009675283217802644
0,"fire engine, fire truck",0.000957179581746459
0,"bannister, banister, balustrade, balusters, handrail",0.0008745364029891789
0,"valley, vale",0.0007983787800185382
0,"container ship, containership, container vessel",0.0007571939495392144
0,"radio telescope, radio reflector",0.000742349133361131
0,cannon,0.0007390612736344337
0,"promontory, headland, head, foreland",0.0007018473697826266
0,chainlink fence,0.0006122967461124063
0,stage,0.0005809088470414281
0,"hook, claw",0.000558224506676197
0,"airship, dirigible",0.0005550976493395865
0,holster,0.0005201979074627161
0,"traffic light, traffic signal, stoplight",0.0005167195340618491
0,"remote control, remote",0.0005120399873703718
0,"megalith, megalithic structure",0.0005109370686113834
0,"dam, dike, dyke",0.0004882963839918375
0,"liner, ocean liner",0.0004827863594982773
0,boathouse,0.00047760221059434116
0,canoe,0.0004694100352935493
0,"seashore, coast, seacoast, sea-coast",0.0004595877544488758
0,turnstile,0.0004528020217549056
0,"spotlight, spot",0.0004512720333877951
0,fountain,0.00044827614328823984
0,"monarch, monarch butterfly, milkweed butterfly, Danaus plexippus",0.0004452812427189201
0,umbrella,0.00041566844447515905
0,castle,0.00041008065454661846
0,analog clock,0.00040303089190274477
0,"black stork, Ciconia nigra",0.00038741197204217315
0,"bicycle-built-for-two, tandem bicycle, tandem",0.00038105325074866414
0,kimono,0.0003785478475037962
0,"European gallinule, Porphyrio porphyrio",0.00037852692184969783
0,"flagpole, flagstaff",0.000375359202735126
0,"greenhouse, nursery, glasshouse",0.0003702926333062351
0,steam locomotive,0.0003633390588220209
0,"limpkin, Aramus pictus",0.0003430360520724207
0,"gong, tam-tam",0.00034070934634655714
0,Brittany spaniel,0.00033805856946855783
0,hair spray,0.0003380027774255723
0,geyser,0.00033595183049328625
0,"groom, bridegroom",0.0003338991373311728
0,swing,0.00032862002262845635
0,shopping cart,0.00032850675052031875
0,freight car,0.0003198963822796941
0,"harvester, reaper",0.00031765931635163724
0,"passenger car, coach, carriage",0.00031317153479903936
0,rugby ball,0.0003091864928137511
0,"lion, king of beasts, Panthera leo",0.00030901876743882895
0,bull mastiff,0.0003062572795897722
0,"cab, hack, taxi, taxicab",0.0003021341108251363
0,"binoculars, field glasses, opera glasses",0.0002977987751364708
0,goose,0.0002936973178293556
0,"sloth bear, Melursus ursinus, Ursus ursinus",0.0002907549496740103
0,"black swan, Cygnus atratus",0.00028624242986552417
0,vulture,0.00028474305872805417
0,park bench,0.0002845863054972142
0,scoreboard,0.00027945690089836717
0,"white stork, Ciconia ciconia",0.0002783257223200053
0,"Airedale, Airedale terrier",0.00027341017266735435
0,"picket fence, paling",0.00027116210549138486
0,matchstick,0.0002699971664696932
0,"patio, terrace",0.0002696232695598155
0,stretcher,0.0002684503560885787
0,triumphal arch,0.0002665738284122199
0,"Gila monster, Heloderma suspectum",0.0002639987214934081
0,pole,0.0002607593487482518
0,"American alligator, Alligator mississipiensis",0.0002597380371298641
0,"radio, wireless",0.00025967563851736486
0,"cliff, drop, drop-off",0.0002539473061915487
0,parking meter,0.00025383970933035016
0,"Saint Bernard, St Bernard",0.00025209281011484563
0,bottlecap,0.00024618490715511143
0,Christmas stocking,0.00024310775916092098
0,"malamute, malemute, Alaskan malamute",0.00024035500246100128
0,vault,0.0002370424335822463
0,"lumbermill, sawmill",0.00023574566876050085
0,"bell cote, bell cot",0.00023540205438621342
0,"dingo, warrigal, warragal, Canis dingo",0.000235051877098158
0,"swab, swob, mop",0.00023464234254788607
0,"pizza, pizza pie",0.00023274199338629842
0,plate rack,0.0002309997216798365
0,Rottweiler,0.00022891904518473893
0,"Newfoundland, Newfoundland dog",0.00022875198919791728
0,"clumber, clumber spaniel",0.00022826941858511418
0,"jeep, landrover",0.00022774645185563713
0,"night snake, Hypsiglena torquata",0.0002254109422210604
0,agaric,0.00022514797456096858
0,electric locomotive,0.00022498688485939056
0,"cheetah, chetah, Acinonyx jubatus",0.000223845403525047
0,acorn squash,0.0002219987363787368
0,"harvestman, daddy longlegs, Phalangium opilio",0.00022006503422744572
0,street sign,0.00021957636636216193
0,hornbill,0.00021922569430898875
0,"garden spider, Aranea diademata",0.00021853558428119868
0,missile,0.00021845358423888683
0,"tow truck, tow car, wrecker",0.00021792642655782402
0,"streetcar, tram, tramcar, trolley, trolley car",0.00021718954667448997
0,"solar dish, solar collector, solar furnace",0.00021554180420935154
0,obelisk,0.00021517601271625608
0,joystick,0.00021512413513846695
0,"projectile, missile",0.00021297471539583057
0,space shuttle,0.00020794257579836994
0,tusker,0.00020704448979813606
0,"aircraft carrier, carrier, flattop, attack aircraft carrier",0.00020597824186552316
0,gondola,0.00020534227951429784
0,mosque,0.0002053404168691486
0,monitor,0.00020455976482480764
0,giant schnauzer,0.00020409082935657352
0,"spider web, spider's web",0.0002036424120888114
0,sock,0.0002035833749687299
0,red wine,0.00020273060363251716
0,torch,0.00020230714289937168
0,"black and gold garden spider, Argiope aurantia",0.00020224155741743743
0,"dishrag, dishcloth",0.00020061088434886187
0,"coil, spiral, volute, whorl, helix",0.00019962343503721058
0,water snake,0.0001983505644602701
0,volcano,0.0001978434156626463
0,"American Staffordshire terrier, Staffordshire terrier, American pit bull terrier, pit bull terrier",0.0001977236388484016
0,wreck,0.0001962530513992533
0,wire-haired fox terrier,0.0001960826339200139
0,mask,0.00019576535851228982
0,rapeseed,0.00019557567429728806
0,cloak,0.00019552625599317253
0,ladle,0.00019404526392463595
0,"orangutan, orang, orangutang, Pongo pygmaeus",0.00019330240320414305
0,guillotine,0.00019310459902044386
0,"Sealyham terrier, Sealyham",0.0001914823951665312
0,"spiny lobster, langouste, rock lobster, crawfish, crayfish, sea crawfish",0.00019054733274970204
0,"grand piano, grand",0.00019053024880122393
0,school bus,0.0001901563082356006
0,"diamondback, diamondback rattlesnake, Crotalus adamanteus",0.00018908377387560904
0,macaque,0.00018907034245785326
0,EntleBucher,0.00018872176588047296
0,"chime, bell, gong",0.0001886135432869196
0,wall clock,0.00018860642740037292
0,"cougar, puma, catamount, mountain lion, painter, panther, Felis concolor",0.0001884251250885427
0,overskirt,0.00018718097999226302
0,"dial telephone, dial phone",0.00018689967691898346
0,"sea slug, nudibranch",0.00018624108633957803
0,Greater Swiss Mountain dog,0.00018517544958740473
0,"American coot, marsh hen, mud hen, water hen, Fulica americana",0.00018514702969696373
0,harp,0.00018473033560439944
0,golf ball,0.00018317934882361442
0,admiral,0.00018297533097211272
0,"hand blower, blow dryer, blow drier, hair dryer, hair drier",0.00018163635104428977
0,French bulldog,0.00018148701929021627
0,"bald eagle, American eagle, Haliaeetus leucocephalus",0.00018042731971945614
0,cocktail shaker,0.00017973418289329857
0,Weimaraner,0.00017967635358218104
0,"impala, Aepyceros melampus",0.00017960208060685545
0,"church, church building",0.00017875709454528987
0,"tank, army tank, armored combat vehicle, armoured combat vehicle",0.00017776172899175435
0,"pirate, pirate ship",0.00017772443243302405
0,damselfly,0.00017695847782306373
0,Irish terrier,0.0001769269147189334
0,"submarine, pigboat, sub, U-boat",0.0001766593341017142
0,bittern,0.00017608643975108862
0,"theater curtain, theatre curtain",0.000175997891346924
0,sandal,0.00017502122500445694
0,West Highland white terrier,0.00017482521070633084
0,orange,0.00017444290278945118
0,"black widow, Latrodectus mactans",0.0001723712048260495
0,forklift,0.00017235585255548358
0,airliner,0.00017089863831643015
0,"loupe, jeweler's loupe",0.00017087241576518863
0,"corkscrew, bottle screw",0.0001702591689536348
0,desk,0.00017006986308842897
0,coral reef,0.00016885600052773952
0,"plunger, plumber's helper",0.0001683424343355
0,"box turtle, box tortoise",0.0001669414632488042
0,"American egret, great white heron, Egretta albus",0.00016674782091286033
0,"mountain bike, all-terrain bike, off-roader",0.00016662628331687301
0,padlock,0.0001664171286392957
0,bolete,0.00016637459339108318
0,sarong,0.0001660726120462641
0,gown,0.00016503948427271098
0,"borzoi, Russian wolfhound",0.00016471141134388745
0,"worm fence, snake fence, snake-rail fence, Virginia fence",0.000164669327205047
0,stingray,0.00016444192442577332
0,"European fire salamander, Salamandra salamandra",0.0001643894793232903
0,Dutch oven,0.00016298532136715949
0,"American black bear, black bear, Ursus americanus, Euarctos americanus",0.0001622777635930106
0,planetarium,0.0001613123167771846
0,beer glass,0.00016112129378598183
0,"trailer truck, tractor trailer, trucking rig, rig, articulated lorry, semi",0.00016109154967125505
0,"hippopotamus, hippo, river horse, Hippopotamus amphibius",0.00016014270659070462
0,spoonbill,0.00015938570140860975
0,Siberian husky,0.0001593660854268819
0,Chesapeake Bay retriever,0.00015934495604597032
0,mitten,0.0001588069280842319
0,"zucchini, courgette",0.00015875702956691384
0,"lipstick, lip rouge",0.0001582424301886931
0,"little blue heron, Egretta caerulea",0.00015822748537175357
0,honeycomb,0.00015731215535197407
0,fountain pen,0.00015637491014786065
0,"ant, emmet, pismire",0.00015625385276507586
0,dowitcher,0.00015595060540363193
0,safety pin,0.00015565774810966104
0,water bottle,0.00015525183698628098
0,bubble,0.0001550757442601025
0,"pug, pug-dog",0.00015489223005715758
0,folding chair,0.0001548831642139703
0,"prison, prison house",0.00015487281780224293
0,"German shepherd, German shepherd dog, German police dog, alsatian",0.0001547488645883277
0,dough,0.0001545862469356507
0,barn,0.00015403029101435095
0,"sax, saxophone",0.0001539481891086325
0,bassoon,0.0001537270873086527
0,buckle,0.00015358926611952484
0,black-and-tan coonhound,0.00015318248188123107
0,"polecat, fitch, foulmart, foumart, Mustela putorius",0.00015288205759134144
0,"amphibian, amphibious vehicle",0.0001524187537143007
0,chain,0.00015208566037472337
0,space bar,0.00015150364197324961
0,Bernese mountain dog,0.00015125972277019173
0,"unicycle, monocycle",0.00015005836030468345
0,"capuchin, ringtail, Cebus capucinus",0.00015002301370259374
0,bluetick,0.0001500089856563136
0,"mouse, computer mouse",0.0001498484198236838
0,weasel,0.0001498231285950169
0,"oscilloscope, scope, cathode-ray oscilloscope, CRO",0.0001497437187936157
0,"oboe, hautboy, hautbois",0.00014957650273572654
0,"drum, membranophone, tympan",0.00014923568232916296
0,totem pole,0.00014881897368468344
0,"caldron, cauldron",0.00014833465684205294
0,flamingo,0.00014833197928965092
0,balloon,0.00014826735423412174
0,"maze, labyrinth",0.00014802998339291662
0,"chow, chow chow",0.00014799553900957108
0,"hoopskirt, crinoline",0.00014790311979595572
0,palace,0.0001462850923417136
0,Norwich terrier,0.0001462488144170493
0,Persian cat,0.0001456493337173015
0,"pool table, billiard table, snooker table",0.00014512600318994373
0,projector,0.0001450825366191566
0,"chimpanzee, chimp, Pan troglodytes",0.0001449587580282241
0,zebra,0.000144938996527344
0,hourglass,0.00014492199989035726
0,Norfolk terrier,0.0001444922381779179
0,"Bouvier des Flandres, Bouviers des Flandres",0.00014440601808018982
0,"accordion, piano accordion, squeeze box",0.00014408151037059724
0,hammer,0.00014362356159836054
0,go-kart,0.00014335359446704388
0,Blenheim spaniel,0.00014308288518805057
0,"tench, Tinca tinca",0.00014298575115390122
0,hen,0.0001428840623702854
0,Irish water spaniel,0.00014275929424911737
0,"balance beam, beam",0.00014256378926802427
0,coucal,0.0001420667686033994
0,tractor,0.00014202464080881327
0,mushroom,0.00014143735461402684
0,"bow tie, bow-tie, bowtie",0.00014130859926808625
0,"Maltese dog, Maltese terrier, Maltese",0.00014102466229815036
0,abaya,0.00014096053200773895
0,"slide rule, slipstick",0.0001407040108460933
0,"bloodhound, sleuthhound",0.00014062848640605807
0,hair slide,0.00014037055370863527
0,papillon,0.0001402419584337622
0,"ostrich, Struthio camelus",0.0001397835585521534
0,"ringneck snake, ring-necked snake, ring snake",0.0001394181017531082
0,shoji,0.00013940520875621587
0,menu,0.00013933543232269585
0,"racer, race car, racing car",0.00013850026880390942
0,"ice cream, icecream",0.00013773393584415317
0,"bullet train, bullet",0.00013769492215942591
0,"Indian elephant, Elephas maximus",0.00013748208584729582
0,scuba diver,0.00013718203990720212
0,dung beetle,0.0001368989615002647
0,bow,0.00013609734014607966
0,sundial,0.00013591795868705958
0,"bagel, beigel",0.00013565689732786268
0,fiddler crab,0.00013536495680455118
0,beer bottle,0.00013503964873962104
0,"Walker hound, Walker foxhound",0.00013485598901752383
0,"dhole, Cuon alpinus",0.0001345030323136598
0,stole,0.00013340568693820387
0,wine bottle,0.0001329241058556363
0,beaver,0.00013251036580186337
0,acorn,0.00013201087131164968
0,"three-toed sloth, ai, Bradypus tridactylus",0.00013099842180963606
0,"siamang, Hylobates syndactylus, Symphalangus syndactylus",0.00013091012078803033
0,"Ibizan hound, Ibizan Podenco",0.00013074494199827313
0,yurt,0.00013058469630777836
0,"mantis, mantid",0.0001304497563978657
0,sweatshirt,0.00013039589975960553
0,"feather boa, boa",0.00013038147881161422
0,"leopard, Panthera pardus",0.00012972549302503467
0,combination lock,0.0001292828528676182
0,"Doberman, Doberman pinscher",0.00012922861787956208
0,groenendael,0.00012915530533064157
0,spatula,0.00012911749945487827
0,"lighter, light, igniter, ignitor",0.00012887822231277823
0,eel,0.00012876163236796856
0,barbershop,0.000128513464005664
0,"cocker spaniel, English cocker spaniel, cocker",0.00012832657375838608
0,"Boston bull, Boston terrier",0.0001282115699723363
0,sea urchin,0.00012819348194170743
0,soccer ball,0.00012748295557685196
0,"African elephant, Loxodonta africana",0.00012716349738184363
0,sewing machine,0.00012685268302448094
0,barometer,0.0001267092884518206
0,mink,0.00012581294868141413
0,"water buffalo, water ox, Asiatic buffalo, Bubalus bubalis",0.00012566318036988378
0,"ballplayer, baseball player",0.0001251749345101416
0,"starfish, sea star",0.00012394074292387813
0,cardigan,0.000123894409625791
0,muzzle,0.0001238310942426324
0,"barrel, cask",0.0001237324031535536
0,"Scotch terrier, Scottish terrier, Scottie",0.0001233523216797039
0,earthstar,0.00012306668213568628
0,"koala, koala bear, kangaroo bear, native bear, Phascolarctos cinereus",0.0001228775072377175
0,crane,0.00012273684842512012
0,"meerkat, mierkat",0.00012266653357073665
0,boxer,0.00012253581371624023
0,"fire screen, fireguard",0.00012250390136614442
0,"seat belt, seatbelt",0.00012246734695509076
0,"mailbag, postbag",0.00012238690396770835
0,daisy,0.00012203806545585394
0,toaster,0.00012193301517982036
0,"revolver, six-gun, six-shooter",0.0001217645185533911
0,"sea cucumber, holothurian",0.00012174280709587038
0,knee pad,0.0001214208168676123
0,"cinema, movie theater, movie theatre, movie house, picture palace",0.00012022455484839156
0,"Lhasa, Lhasa apso",0.0001202198545797728
0,"barrow, garden cart, lawn cart, wheelbarrow",0.00011950451153097674
0,ambulance,0.00011939241812797263
0,speedboat,0.00011936087685171515
0,cuirass,0.00011927724699489772
0,"stinkhorn, carrion fungus",0.00011892378097400069
0,pretzel,0.0001188483729492873
0,sliding door,0.0001184110005851835
0,face powder,0.00011828324204543605
0,broccoli,0.00011824579269159585
0,Windsor tie,0.00011820656072814018
0,"laptop, laptop computer",0.00011817488120868802
0,Rhodesian ridgeback,0.00011816767073469236
0,"pineapple, ananas",0.00011812383309006691
0,bustard,0.00011805120448116213
0,"golfcart, golf cart",0.00011801698565250263
0,"redshank, Tringa totanus",0.00011759892367990687
0,Bedlington terrier,0.00011754668230423704
0,undefined,0.00011727940000128001
0,"ice bear, polar bear, Ursus Maritimus, Thalarctos maritimus",0.00011719598842319101
0,"horizontal bar, high bar",0.00011714447464328259
0,"sulphur butterfly, sulfur butterfly",0.00011712659761542454
0,"restaurant, eating house, eating place, eatery",0.0001170161776826717
0,"lampshade, lamp shade",0.00011588199413381517
0,"snow leopard, ounce, Panthera uncia",0.00011529400217114016
0,"pot, flowerpot",0.00011506828013807535
0,"ladybug, ladybeetle, lady beetle, ladybird, ladybird beetle",0.00011467816511867568
0,"pop bottle, soda bottle",0.00011465213174233213
0,"sandbar, sand bar",0.00011460632958915085
0,"tiger shark, Galeocerdo cuvieri",0.00011455071216914803
0,"paddle, boat paddle",0.00011448159057181329
0,"great white shark, white shark, man-eater, man-eating shark, Carcharodon carcharias",0.00011447765427874401
0,"motor scooter, scooter",0.00011416289635235444
0,cock,0.00011413785978220403
0,"sulphur-crested cockatoo, Kakatoe galerita, Cacatua galerita",0.00011411370360292494
0,wok,0.00011368735431460664
0,maraca,0.00011349224951118231
0,"can opener, tin opener",0.0001133667683461681
0,guacamole,0.0001133182377088815
0,"wallaby, brush kangaroo",0.00011327793617965654
0,English setter,0.00011327317770337686
0,wing,0.00011298814206384122
0,scabbard,0.00011292738054180518
0,"toilet tissue, toilet paper, bathroom tissue",0.00011271100083831698
0,fly,0.00011270219692960382
0,"spider monkey, Ateles geoffroyi",0.00011252058175159618
0,black grouse,0.00011201908637303859
0,"punching bag, punch bag, punching ball, punchball",0.00011200050357729197
0,"rule, ruler",0.00011200028529856354
0,Labrador retriever,0.00011196792911505327
0,hummingbird,0.0001118933068937622
0,"red wolf, maned wolf, Canis rufus, Canis niger",0.00011177141277585179
0,lorikeet,0.00011172728409292176
0,"Samoyed, Samoyede",0.00011168680066475645
0,cowboy boot,0.00011167263437528163
0,leafhopper,0.00011131653445772827
0,kuvasz,0.00011101312702521682
0,Sussex spaniel,0.0001108860524254851
0,gyromitra,0.0001106024719774723
0,"jaguar, panther, Panthera onca, Felis onca",0.00011037076183129102
0,miniature schnauzer,0.00010967280832119286
0,"chambered nautilus, pearly nautilus, nautilus",0.00010939213825622573
0,mud turtle,0.00010926586401183158
0,"upright, upright piano",0.00010913756705122069
0,warthog,0.00010906628449447453
0,komondor,0.00010901159112108871
0,"ringlet, ringlet butterfly",0.00010896575986407697
0,"African crocodile, Nile crocodile, Crocodylus niloticus",0.00010895100422203541
0,Tibetan mastiff,0.00010890497651416808
0,"colobus, colobus monkey",0.00010888576798606664
0,Great Pyrenees,0.00010864398063858971
0,desktop computer,0.0001083730676327832
0,"puck, hockey puck",0.00010816315625561401
0,minivan,0.00010771280358312652
0,"Old English sheepdog, bobtail",0.0001077070483006537
0,"green snake, grass snake",0.00010744288010755554
0,eggnog,0.00010737599222920835
0,poncho,0.00010736942931544036
0,"mobile home, manufactured home",0.00010721799480961636
0,consomme,0.00010712335642892867
0,shower curtain,0.00010680641571525484
0,"perfume, essence",0.00010663065040716901
0,bookcase,0.00010658011888153851
0,Great Dane,0.00010644501890055835
0,"porcupine, hedgehog",0.00010587795986793935
0,bee eater,0.0001058544366969727
0,"electric ray, crampfish, numbfish, torpedo",0.0001057773333741352
0,"tricycle, trike, velocipede",0.00010547049896558747
0,running shoe,0.00010534002649364993
0,strainer,0.00010531391308177263
0,dome,0.00010518523049540818
0,tile roof,0.00010455366282258183
0,"dugong, Dugong dugon",0.00010444005602039397
0,"red fox, Vulpes vulpes",0.00010442163329571486
0,pillow,0.00010434298746986315
0,"grey whale, gray whale, devilfish, Eschrichtius gibbosus, Eschrichtius robustus",0.00010414694406790659
0,bath towel,0.00010370609379606321
0,Welsh springer spaniel,0.00010370569361839443
0,"racket, racquet",0.00010366327478550375
0,trimaran,0.00010319218563381582
0,"parallel bars, bars",0.00010317910346202552
0,quail,0.00010302777809556574
0,"prayer rug, prayer mat",0.00010301608563167974
0,jack-o'-lantern,0.00010264441516483203
0,"Shetland sheepdog, Shetland sheep dog, Shetland",0.00010261632269248366
0,stone wall,0.00010258158727083355
0,"marimba, xylophone",0.00010250990453641862
0,"hard disc, hard disk, fixed disk",0.00010250080958940089
0,hare,0.0001023528166115284
0,Gordon setter,0.00010232110071228817
0,sea lion,0.0001022741780616343
0,"brass, memorial tablet, plaque",0.00010202400881098583
0,collie,0.00010202148405369371
0,"pickup, pickup truck",0.00010202012344961986
0,"miniskirt, mini",0.00010186582949245349
0,"Saluki, gazelle hound",0.00010164796549361199
0,snail,0.00010149414447369054
0,basenji,0.00010144895350094885
0,armadillo,0.00010105816181749105
0,"hot pot, hotpot",0.00010105575347552076
0,"giant panda, panda, panda bear, coon bear, Ailuropoda melanoleuca",0.00010104380635311827
0,"violin, fiddle",0.00010083596862386912
0,"guinea pig, Cavia cobaya",0.00010069499694509432
0,"backpack, back pack, knapsack, packsack, rucksack, haversack",0.00010047129762824625
0,wombat,0.00010034634033218026
0,banjo,0.00010030338307842612
0,gazelle,0.00010026541713159531
0,"vizsla, Hungarian pointer",9.983633208321407e-05
0,"gorilla, Gorilla gorilla",9.97958704829216e-05
0,vase,9.976228466257453e-05
0,cassette player,9.897309064399451e-05
0,beagle,9.893873357214034e-05
0,kite,9.86988889053464e-05
0,"bakery, bakeshop, bakehouse",9.869286441244185e-05
0,"pedestal, plinth, footstall",9.8323384008836e-05
0,"meat loaf, meatloaf",9.823668369790539e-05
0,jigsaw puzzle,9.820614650379866e-05
0,basketball,9.796341328183189e-05
0,sturgeon,9.786471491679549e-05
0,maypole,9.751776815392077e-05
0,Australian terrier,9.750139724928886e-05
0,knot,9.738504741108045e-05
0,"beach wagon, station wagon, wagon, estate car, beach waggon, station waggon, waggon",9.736907668411732e-05
0,catamaran,9.730056626722217e-05
0,"loggerhead, loggerhead turtle, Caretta caretta",9.724898700369522e-05
0,"cornet, horn, trumpet, trump",9.717658394947648e-05
0,"grasshopper, hopper",9.705072443466634e-05
0,mongoose,9.697079076431692e-05
0,baseball,9.692575986264274e-05
0,pomegranate,9.67232626862824e-05
0,"flute, transverse flute",9.660489740781486e-05
0,stove,9.66037914622575e-05
0,Band Aid,9.615167073206976e-05
0,"timber wolf, grey wolf, gray wolf, Canis lupus",9.604600199963897e-05
0,Japanese spaniel,9.59718381636776e-05
0,"Madagascar cat, ring-tailed lemur, Lemur catta",9.590724221197888e-05
0,schipperke,9.585302177583799e-05
0,"hognose snake, puff adder, sand viper",9.554618736729026e-05
0,"china cabinet, china closet",9.535156277706847e-05
0,moped,9.534256241749972e-05
0,"tabby, tabby cat",9.533928823657334e-05
0,"horned viper, cerastes, sand viper, horned asp, Cerastes cornutus",9.52499540289864e-05
0,"cello, violoncello",9.508930816082284e-05
0,volleyball,9.500310261501e-05
0,reflex camera,9.497193968854845e-05
0,"Pembroke, Pembroke Welsh corgi",9.491535456618294e-05
0,"thresher, thrasher, threshing machine",9.489507647231221e-05
0,envelope,9.48939923546277e-05
0,"Pekinese, Pekingese, Peke",9.455496183363721e-05
0,tiger cat,9.447537013329566e-05
0,"confectionery, confectionary, candy store",9.439513087272644e-05
0,"dragonfly, darning needle, devil's darning needle, sewing needle, snake feeder, snake doctor, mosquito hawk, skeeter hawk",9.432628576178104e-05
0,jacamar,9.420806600246578e-05
0,bib,9.415776730747893e-05
0,Yorkshire terrier,9.40159079618752e-05
0,"African hunting dog, hyena dog, Cape hunting dog, Lycaon pictus",9.398982365382835e-05
0,"chain saw, chainsaw",9.397744724992663e-05
0,"Afghan hound, Afghan",9.39744058996439e-05
0,"tub, vat",9.396759560331702e-05
0,"frying pan, frypan, skillet",9.379318362334743e-05
0,"thatch, thatched roof",9.291022433899343e-05
0,cup,9.273557225242257e-05
0,"quill, quill pen",9.259655053028837e-05
0,ox,9.257518831873313e-05
0,mosquito net,9.24885316635482e-05
0,"buckeye, horse chestnut, conker",9.247300476999953e-05
0,"crayfish, crawfish, crawdad, crawdaddy",9.232523734681308e-05
0,cricket,9.163130744127557e-05
0,"teddy, teddy bear",9.155731822829694e-05
0,"pitcher, ewer",9.152998973149806e-05
0,"Siamese cat, Siamese",9.15024065761827e-05
0,car mirror,9.140821202890947e-05
0,thimble,9.123899508267641e-05
0,"ballpoint, ballpoint pen, ballpen, Biro",9.049978689290583e-05
0,chest,9.027059422805905e-05
0,conch,9.009977657115087e-05
0,"basset, basset hound",9.005098399939016e-05
0,"wool, woolen, woollen",8.993444498628378e-05
0,"plow, plough",8.98096477612853e-05
0,"bearskin, busby, shako",8.966587483882904e-05
0,"Dungeness crab, Cancer magister",8.951566269388422e-05
0,lemon,8.939589315559715e-05
0,"albatross, mollymawk",8.915664511732757e-05
0,"hyena, hyaena",8.911167969927192e-05
0,potpie,8.910539327189326e-05
0,"brassiere, bra, bandeau",8.909477037377656e-05
0,"lens cap, lens cover",8.902665285859257e-05
0,burrito,8.898513624444604e-05
0,electric guitar,8.888175216270611e-05
0,marmot,8.886209252523258e-05
0,bell pepper,8.873963088262826e-05
0,"suit, suit of clothes",8.86492125573568e-05
0,"green lizard, Lacerta viridis",8.850822632666677e-05
0,"disk brake, disc brake",8.846374839777127e-05
0,"ram, tup",8.832372986944392e-05
0,"wallet, billfold, notecase, pocketbook",8.81581217981875e-05
0,"jean, blue jean, denim",8.78217033459805e-05
0,"rock crab, Cancer irroratus",8.778762276051566e-05
0,measuring cup,8.74975958140567e-05
0,toucan,8.748290565563366e-05
0,"squirrel monkey, Saimiri sciureus",8.73576063895598e-05
0,screwdriver,8.731537673156708e-05
0,Shih-Tzu,8.729822002351284e-05
0,velvet,8.726176019990817e-05
0,"junco, snowbird",8.72328964760527e-05
0,shower cap,8.722673373995349e-05
0,"saltshaker, salt shaker",8.715256990399212e-05
0,Petri dish,8.712057751836255e-05
0,Pomeranian,8.700731996214017e-05
0,"killer whale, killer, orca, grampus, sea wolf, Orcinus orca",8.637766586616635e-05
0,pencil sharpener,8.632487151771784e-05
0,"carousel, carrousel, merry-go-round, roundabout, whirligig",8.616390550741926e-05
0,schooner,8.609121869085357e-05
0,printer,8.606084884377196e-05
0,"chocolate sauce, chocolate syrup",8.602047455497086e-05
0,badger,8.59966894495301e-05
0,paintbrush,8.580523717682809e-05
0,spaghetti squash,8.565979078412056e-05
0,entertainment center,8.565096504753456e-05
0,manhole cover,8.546729077352211e-05
0,trifle,8.524148870492354e-05
0,necklace,8.518663526047021e-05
0,"shoe shop, shoe-shop, shoe store",8.493685891153291e-05
0,pelican,8.493183850077912e-05
0,drake,8.493127097608522e-05
0,"cicada, cicala",8.486528531648219e-05
0,"hand-held computer, hand-held microcomputer",8.463799895253032e-05
0,lifeboat,8.462098048767075e-05
0,"scale, weighing machine",8.457805233774707e-05
0,ski,8.45738613861613e-05
0,"bathing cap, swimming cap",8.455353236058727e-05
0,hamster,8.451910980511457e-05
0,"pencil box, pencil case",8.440714736934751e-05
0,"cowboy hat, ten-gallon hat",8.421811071457341e-05
0,"silky terrier, Sydney silky",8.42153822304681e-05
0,"web site, website, internet site, site",8.397398050874472e-05
0,reel,8.3944272773806e-05
0,"parachute, chute",8.383466774830595e-05
0,"puffer, pufferfish, blowfish, globefish",8.382123633055016e-05
0,"tiger, Panthera tigris",8.371674630325288e-05
0,"Staffordshire bullterrier, Staffordshire bull terrier",8.346969116246328e-05
0,"chiton, coat-of-mail shell, sea cradle, polyplacophore",8.335275924764574e-05
0,nail,8.332009019795805e-05
0,"red-breasted merganser, Mergus serrator",8.330753917107359e-05
0,rifle,8.307016832986847e-05
0,power drill,8.295063162222505e-05
0,"odometer, hodometer, mileometer, milometer",8.288017852464691e-05
0,Irish wolfhound,8.274196443380788e-05
0,"ashcan, trash can, garbage can, wastebin, ash bin, ash-bin, ashbin, dustbin, trash barrel, trash bin",8.256547880591825e-05
0,trilobite,8.233453991124406e-05
0,"Arabian camel, dromedary, Camelus dromedarius",8.231059473473579e-05
0,"bucket, pail",8.229662489611655e-05
0,fig,8.201245509553701e-05
0,cabbage butterfly,8.190771040972322e-05
0,"dalmatian, coach dog, carriage dog",8.18910775706172e-05
0,toy poodle,8.187819184968248e-05
0,"ibex, Capra ibex",8.185109618352726e-05
0,"rubber eraser, rubber, pencil eraser",8.181684097507969e-05
0,mousetrap,8.173596870619804e-05
0,"academic gown, academic robe, judge's robe",8.167300984496251e-05
0,snorkel,8.161398727679625e-05
0,crate,8.154093666234985e-05
0,briard,8.150579378707334e-05
0,broom,8.146756590576842e-05
0,"bolo tie, bolo, bola tie, bola",8.146064647007734e-05
0,miniature poodle,8.145598258124664e-05
0,tennis ball,8.140101272147149e-05
0,dumbbell,8.134396921377629e-05
0,soup bowl,8.103958680294454e-05
0,weevil,8.091193740256131e-05
0,"Scottish deerhound, deerhound",8.062155393417925e-05
0,"pay-phone, pay-station",8.040809188969433e-05
0,digital clock,8.035627251956612e-05
0,whiskey jug,7.999262743396685e-05
0,banana,7.99552581156604e-05
0,"Angora, Angora rabbit",7.987744174897671e-05
0,hay,7.980701047927141e-05
0,macaw,7.980655209394172e-05
0,beaker,7.966002158354968e-05
0,"pick, plectrum, plectron",7.95163432485424e-05
0,standard schnauzer,7.948525308165699e-05
0,safe,7.930928404675797e-05
0,"dining table, board",7.929831190267578e-05
0,strawberry,7.92809296399355e-05
0,"lesser panda, red panda, panda, bear cat, cat bear, Ailurus fulgens",7.922983058961108e-05
0,"television, television system",7.894782174844295e-05
0,"file, file cabinet, filing cabinet",7.887241372372955e-05
0,syringe,7.887015817686915e-05
0,cliff dwelling,7.874967559473589e-05
0,mortarboard,7.868264219723642e-05
0,"Eskimo dog, husky",7.863814971642569e-05
0,milk can,7.858987373765558e-05
0,"African grey, African gray, Psittacus erithacus",7.853315764805302e-05
0,"house finch, linnet, Carpodacus mexicanus",7.852236740291119e-05
0,"axolotl, mud puppy, Ambystoma mexicanum",7.831364928279072e-05
0,cheeseburger,7.776811253279448e-05
0,apron,7.775906124152243e-05
0,toilet seat,7.761177403153852e-05
0,fur coat,7.758402352919802e-05
0,coral fungus,7.732254744041711e-05
0,"microwave, microwave oven",7.732107042102143e-05
0,trench coat,7.715312676737085e-05
0,football helmet,7.678127440158278e-05
0,baboon,7.677592657273635e-05
0,pill bottle,7.672484207432717e-05
0,crutch,7.656461093574762e-05
0,bulbul,7.650010229554027e-05
0,"wild boar, boar, Sus scrofa",7.62635754654184e-05
0,"cellular telephone, cellular phone, cellphone, cell, mobile phone",7.617663504788652e-05
0,"bullfrog, Rana catesbeiana",7.61600022087805e-05
0,espresso,7.611606997670606e-05
0,"English springer, English springer spaniel",7.607586303493008e-05
0,"Arctic fox, white fox, Alopex lagopus",7.596980140078813e-05
0,trombone,7.593040209030733e-05
0,sea snake,7.586315769003704e-05
0,"hog, pig, grunter, squealer, Sus scrofa",7.58523092372343e-05
0,"computer keyboard, keypad",7.57993693696335e-05
0,Egyptian cat,7.559644291177392e-05
0,"affenpinscher, monkey pinscher, monkey dog",7.55673972889781e-05
0,"chiffonier, commode",7.546699634985998e-05
0,"otterhound, otter hound",7.543267565779388e-05
0,"hotdog, hot dog, red hot",7.502374501200393e-05
0,agama,7.492428267141804e-05
0,"carpenter's kit, tool kit",7.491649739677086e-05
0,shopping basket,7.485286187147722e-05
0,sunglass,7.478536281269044e-05
0,"piggy bank, penny bank",7.475748134311289e-05
0,"echidna, spiny anteater, anteater",7.47454323573038e-05
0,"lynx, catamount",7.45813813409768e-05
0,"doormat, welcome mat",7.456282037310302e-05
0,"oystercatcher, oyster catcher",7.454668229911476e-05
0,standard poodle,7.437660678988323e-05
0,"coyote, prairie wolf, brush wolf, Canis latrans",7.409971294691786e-05
0,"lycaenid, lycaenid butterfly",7.404651842080057e-05
0,"red-backed sandpiper, dunlin, Erolia alpina",7.39144379622303e-05
0,curly-coated retriever,7.379941962426528e-05
0,lionfish,7.376043504336849e-05
0,photocopier,7.346313213929534e-05
0,eft,7.33824708731845e-05
0,window screen,7.336434646276757e-05
0,"chain mail, ring mail, mail, chain armor, chain armour, ring armor, ring armour",7.329986692639068e-05
0,waffle iron,7.328966603381559e-05
0,"refrigerator, icebox",7.325046317419037e-05
0,Chihuahua,7.313452078960836e-05
0,"limousine, limo",7.308439671760425e-05
0,"organ, pipe organ",7.275892130564898e-05
0,espresso maker,7.268763147294521e-05
0,French loaf,7.264174928423017e-05
0,hamper,7.259050471475348e-05
0,golden retriever,7.258289406308904e-05
0,"barracouta, snoek",7.252048817463219e-05
0,oil filter,7.251848001033068e-05
0,Brabancon griffon,7.236083183670416e-05
0,"platypus, duckbill, duckbilled platypus, duck-billed platypus, Ornithorhynchus anatinus",7.235765224322677e-05
0,"water ouzel, dipper",7.234219810925424e-05
0,coffeepot,7.228551112348214e-05
0,vestment,7.215650839498267e-05
0,"brown bear, bruin, Ursus arctos",7.209803879959509e-05
0,hatchet,7.190508767962456e-05
0,"horse cart, horse-cart",7.178053056122735e-05
0,"home theater, home theatre",7.166042632889003e-05
0,"cockroach, roach",7.162872498156503e-05
0,water jug,7.111692684702575e-05
0,pinwheel,7.11020766175352e-05
0,barber chair,7.106520206434652e-05
0,"ice lolly, lolly, lollipop, popsicle",7.100084621924907e-05
0,"tree frog, tree-frog",7.090408325893804e-05
0,"jinrikisha, ricksha, rickshaw",7.083662785589695e-05
0,"Komodo dragon, Komodo lizard, dragon lizard, giant lizard, Varanus komodoensis",7.081447984091938e-05
0,half track,7.069295679684728e-05
0,Appenzeller,7.057069888105616e-05
0,Granny Smith,7.055898458929732e-05
0,"hammerhead, hammerhead shark",7.029234984656796e-05
0,keeshond,7.0105234044604e-05
0,vending machine,6.987101369304582e-05
0,ptarmigan,6.981866317801178e-05
0,tiger beetle,6.976003351155668e-05
0,typewriter keyboard,6.974646385060623e-05
0,digital watch,6.95818307576701e-05
0,"police van, police wagon, paddy wagon, patrol wagon, wagon, black Maria",6.941600440768525e-05
0,"bonnet, poke bonnet",6.90197994117625e-05
0,"sunglasses, dark glasses, shades",6.890188524266705e-05
0,cassette,6.883207242935896e-05
0,"ground beetle, carabid beetle",6.865210889372975e-05
0,"indri, indris, Indri indri, Indri brevicaudatus",6.837389810243621e-05
0,"prairie chicken, prairie grouse, prairie fowl",6.824953015893698e-05
0,"screen, CRT screen",6.821835995651782e-05
0,"breastplate, aegis, egis",6.816178211010993e-05
0,slug,6.810376362409443e-05
0,"wolf spider, hunting spider",6.806979945395142e-05
0,"howler monkey, howler",6.802015559514984e-05
0,Model T,6.801327981520444e-05
0,"barn spider, Araneus cavaticus",6.799415132263675e-05
0,"cucumber, cuke",6.798021058784798e-05
0,"cairn, cairn terrier",6.798021058784798e-05
0,Lakeland terrier,6.796464731451124e-05
0,"stopwatch, stop watch",6.787830352550372e-05
0,"boa constrictor, Constrictor constrictor",6.784827564842999e-05
0,"walking stick, walkingstick, stick insect",6.779860268579796e-05
0,cradle,6.770491745555773e-05
0,"grey fox, gray fox, Urocyon cinereoargenteus",6.762708653695881e-05
0,plastic bag,6.707547436235473e-05
0,"black-footed ferret, ferret, Mustela nigripes",6.699984078295529e-05
0,triceratops,6.694676267215982e-05
0,oxygen mask,6.68327120365575e-05
0,otter,6.664787360932678e-05
0,"rock beauty, Holocanthus tricolor",6.646050314884633e-05
0,"Polaroid camera, Polaroid Land camera",6.638088234467432e-05
0,"leaf beetle, chrysomelid",6.569630204467103e-05
0,bulletproof vest,6.548119563376531e-05
0,shovel,6.534600834129378e-05
0,"diaper, nappy, napkin",6.531442340929061e-05
0,"wardrobe, closet, press",6.526554352603853e-05
0,"great grey owl, great gray owl, Strix nebulosa",6.499299342976883e-05
0,peacock,6.494404806289822e-05
0,mountain tent,6.486828351626173e-05
0,drumstick,6.485758058261126e-05
0,tarantula,6.460632721427828e-05
0,"rock python, rock snake, Python sebae",6.45011750748381e-05
0,"medicine chest, medicine cabinet",6.443441088777035e-05
0,stethoscope,6.421314174076542e-05
0,"jersey, T-shirt, tee shirt",6.409188063116744e-05
0,"sea anemone, anemone",6.397310789907351e-05
0,lotion,6.393578223651275e-05
0,"pajama, pyjama, pj's, jammies",6.39051795587875e-05
0,"bighorn, bighorn sheep, cimarron, Rocky Mountain bighorn, Rocky Mountain sheep, Ovis canadensis",6.379721162375063e-05
0,"goldfish, Carassius auratus",6.371160998241976e-05
0,"switch, electric switch, electrical switch",6.36916229268536e-05
0,goblet,6.357995880534872e-05
0,"king snake, kingsnake",6.339015089906752e-05
0,anemone fish,6.333160126814619e-05
0,"Dandie Dinmont, Dandie Dinmont terrier",6.319687963696197e-05
0,toy terrier,6.310695607680827e-05
0,"white wolf, Arctic wolf, Canis lupus tundrarum",6.304421549430117e-05
0,llama,6.300725362962112e-05
0,window shade,6.30033464403823e-05
0,"harmonica, mouth organ, harp, mouth harp",6.296568608377129e-05
0,"candle, taper, wax light",6.28382113063708e-05
0,mixing bowl,6.282197136897594e-05
0,ping-pong ball,6.281268724706024e-05
0,croquet ball,6.270447192946449e-05
0,"iron, smoothing iron",6.265455886023119e-05
0,sorrel,6.260074587771669e-05
0,"Indian cobra, Naja naja",6.257705535972491e-05
0,paper towel,6.223697710083798e-05
0,English foxhound,6.200882489793003e-05
0,"gibbon, Hylobates lar",6.187785766087472e-05
0,"titi, titi monkey",6.177402974572033e-05
0,custard apple,6.16849574726075e-05
0,maillot,6.16182223893702e-05
0,"gas pump, gasoline pump, petrol pump, island dispenser",6.146029772935435e-05
0,green mamba,6.140288314782083e-05
0,"nematode, nematode worm, roundworm",6.132679845904931e-05
0,iPod,6.107384251663461e-05
0,"clog, geta, patten, sabot",6.103017585701309e-05
0,"fox squirrel, eastern fox squirrel, Sciurus niger",6.071350799174979e-05
0,miniature pinscher,6.057250720914453e-05
0,"wood rabbit, cottontail, cottontail rabbit",6.041138112777844e-05
0,bee,6.028591815265827e-05
0,"spotted salamander, Ambystoma maculatum",6.011259029037319e-05
0,marmoset,6.008955097058788e-05
0,toyshop,6.00734529143665e-05
0,CD player,5.9995927585987374e-05
0,"bobsled, bobsleigh, bob",5.987258191453293e-05
0,wig,5.984169911243953e-05
0,hermit crab,5.982960283290595e-05
0,packet,5.978859553579241e-05
0,Border terrier,5.959578265901655e-05
0,"robin, American robin, Turdus migratorius",5.937838432146236e-05
0,altar,5.884711572434753e-05
0,"dogsled, dog sled, dog sleigh",5.876148497918621e-05
0,cardoon,5.8681343944044784e-05
0,"jackfruit, jak, jack",5.866735955351032e-05
0,rain barrel,5.83181536057964e-05
0,"electric fan, blower",5.829674773849547e-05
0,acoustic guitar,5.82489010412246e-05
0,"loudspeaker, speaker, speaker unit, loudspeaker system, speaker system",5.816602424602024e-05
0,tick,5.813962343381718e-05
0,"snowplow, snowplough",5.810786387883127e-05
0,jay,5.783552478533238e-05
0,"ocarina, sweet potato",5.775758472736925e-05
0,"book jacket, dust cover, dust jacket, dust wrapper",5.739940388593823e-05
0,"rocking chair, rocker",5.7142369769280776e-05
0,"handkerchief, hankie, hanky, hankey",5.707380114472471e-05
0,"brambling, Fringilla montifringilla",5.707206219085492e-05
0,monastery,5.681633410858922e-05
0,mortar,5.648833030136302e-05
0,"washbasin, handbasin, washbowl, lavabo, wash-hand basin",5.6472763390047476e-05
0,flat-coated retriever,5.6270731874974445e-05
0,"maillot, tank suit",5.624932236969471e-05
0,"crossword puzzle, crossword",5.620321098831482e-05
0,"patas, hussar monkey, Erythrocebus patas",5.62017630727496e-05
0,"king penguin, Aptenodytes patagonica",5.608391802525148e-05
0,cauliflower,5.600070289801806e-05
0,"artichoke, globe artichoke",5.5918353609740734e-05
0,Kerry blue terrier,5.568070264416747e-05
0,"goldfinch, Carduelis carduelis",5.565017636399716e-05
0,"cleaver, meat cleaver, chopper",5.546198372030631e-05
0,barbell,5.543860970647074e-05
0,purse,5.542988219531253e-05
0,"ear, spike, capitulum",5.539220728678629e-05
0,partridge,5.5171414715005085e-05
0,magnetic compass,5.5157630413305014e-05
0,"yellow lady's slipper, yellow lady-slipper, Cypripedium calceolus, Cypripedium parviflorum",5.498079917742871e-05
0,rotisserie,5.478546881931834e-05
0,"studio couch, day bed",5.469948155223392e-05
0,rhinoceros beetle,5.4639680456602946e-05
0,sleeping bag,5.453098856378347e-05
0,table lamp,5.452999903354794e-05
0,"binder, ring-binder",5.451299512060359e-05
0,"lawn mower, mower",5.4431329772341996e-05
0,neck brace,5.441192115540616e-05
0,"notebook, notebook computer",5.439868982648477e-05
0,redbone,5.41683220944833e-05
0,spindle,5.4156957048689947e-05
0,tray,5.3956828196533024e-05
0,"crib, cot",5.388061981648207e-05
0,"tailed frog, bell toad, ribbed toad, tailed toad, Ascaphus trui",5.383075404097326e-05
0,"long-horned beetle, longicorn, longicorn beetle",5.3633419156540185e-05
0,German short-haired pointer,5.3595529607264325e-05
0,oxcart,5.358014095691033e-05
0,alp,5.353249434847385e-05
0,"gasmask, respirator, gas helmet",5.3438026952790096e-05
0,"kit fox, Vulpes macrotis",5.339915514923632e-05
0,"Tibetan terrier, chrysanthemum dog",5.331941429176368e-05
0,"Cardigan, Cardigan Welsh corgi",5.323451114236377e-05
0,"king crab, Alaska crab, Alaskan king crab, Alaska king crab, Paralithodes camtschatica",5.301726559991948e-05
0,"indigo bunting, indigo finch, indigo bird, Passerina cyanea",5.300568591337651e-05
0,screw,5.294248694553971e-05
0,"French horn, horn",5.263634375296533e-05
0,"bookshop, bookstore, bookstall",5.260347461444326e-05
0,teapot,5.2171817515045404e-05
0,"bikini, two-piece",5.2130686526652426e-05
0,"common iguana, iguana, Iguana iguana",5.190744559513405e-05
0,centipede,5.1824543334078044e-05
0,soap dispenser,5.18157503393013e-05
0,"leatherback turtle, leatherback, leathery turtle, Dermochelys coriacea",5.174350371817127e-05
0,"flatworm, platyhelminth",5.1635743147926405e-05
0,chickadee,5.162988600204699e-05
0,brain coral,5.1560702559072524e-05
0,steel drum,5.136394975124858e-05
0,"ruffed grouse, partridge, Bonasa umbellus",5.109406993142329e-05
0,ski mask,5.104692536406219e-05
0,magpie,5.087536555947736e-05
0,"assault rifle, assault gun",5.0820519390981644e-05
0,"frilled lizard, Chlamydosaurus kingi",5.0710328650893643e-05
0,pickelhaube,5.0566850404720753e-05
0,terrapin,5.0530361477285624e-05
0,"sidewinder, horned rattlesnake, Crotalus cerastes",5.044879071647301e-05
0,corn,5.0304948672419414e-05
0,"grocery store, grocery, food market, market",5.0168600864708424e-05
0,plate,4.991371315554716e-05
0,abacus,4.958411955158226e-05
0,modem,4.953076131641865e-05
0,"proboscis monkey, Nasalis larvatus",4.929457645630464e-05
0,"American lobster, Northern lobster, Maine lobster, Homarus americanus",4.866436938755214e-05
0,coffee mug,4.863416688749567e-05
0,"hen-of-the-woods, hen of the woods, Polyporus frondosus, Grifola frondosa",4.846641604672186e-05
0,"hip, rose hip, rosehip",4.839094981434755e-05
0,comic book,4.8305559175787494e-05
0,"Irish setter, red setter",4.822357732336968e-05
0,"skunk, polecat, wood pussy",4.80570197396446e-05
0,minibus,4.784848351846449e-05
0,four-poster,4.777967478730716e-05
0,"lab coat, laboratory coat",4.7731169615872204e-05
0,"swimming trunks, bathing trunks",4.7546174755552784e-05
0,wooden spoon,4.751539381686598e-05
0,carton,4.706822073785588e-05
0,"sports car, sport car",4.696612086263485e-05
0,"recreational vehicle, RV, R.V.",4.695165989687666e-05
0,whistle,4.686116153607145e-05
0,yawl,4.674992669606581e-05
0,"bathtub, bathing tub, bath, tub",4.64232471131254e-05
0,"slot, one-armed bandit",4.6369663323275745e-05
0,library,4.611696567735635e-05
0,carbonara,4.5912296627648175e-05
0,sombrero,4.589403761201538e-05
0,"panpipe, pandean pipe, syrinx",4.5881610276410356e-05
0,Loafer,4.572169927996583e-05
0,hartebeest,4.567567884805612e-05
0,mashed potato,4.553111284621991e-05
0,"common newt, Triturus vulgaris",4.5398177462629974e-05
0,"vacuum, vacuum cleaner",4.528821227722801e-05
0,kelpie,4.515150430961512e-05
0,"African chameleon, Chamaeleo chamaeleon",4.512847226578742e-05
0,bison,4.5080811105435714e-05
0,space heater,4.4137254008091986e-05
0,"Norwegian elkhound, elkhound",4.3656709749484435e-05
0,jellyfish,4.354992415755987e-05
0,scorpion,4.298290878068656e-05
0,military uniform,4.2779051000252366e-05
0,Leonberg,4.2579082219162956e-05
0,radiator,4.249012636137195e-05
0,"guenon, guenon monkey",4.2292274883948267e-05
0,Border collie,4.210522092762403e-05
0,isopod,4.15613321820274e-05
0,crash helmet,4.0988536056829616e-05
0,langur,4.089123831363395e-05
0,"quilt, comforter, comfort, puff",4.079402060597204e-05
0,"letter opener, paper knife, paperknife",4.073515810887329e-05
0,tape player,4.0551862184656784e-05
0,birdhouse,4.0184284443967044e-05
0,"tobacco shop, tobacconist shop, tobacconist",4.012351200799458e-05
0,malinois,3.9941747672855854e-05
0,"cash machine, cash dispenser, automated teller machine, automatic teller machine, automated teller, automatic teller, ATM",3.989275501226075e-05
0,Italian greyhound,3.9680497138760984e-05
0,head cabbage,3.957192529924214e-05
0,soft-coated wheaten terrier,3.9183589251479134e-05
0,"garter snake, grass snake",3.914784247172065e-05
0,Mexican hairless,3.8578091334784403e-05
0,"mailbox, letter box",3.830069545074366e-05
0,snowmobile,3.817776087089442e-05
0,banded gecko,3.787596506299451e-05
0,"thunder snake, worm snake, Carphophis amoenus",3.736582220881246e-05
0,bassinet,3.7233745388220996e-05
0,"coho, cohoe, coho salmon, blue jack, silver salmon, Oncorhynchus kisutch",3.6916691897204146e-05
0,nipple,3.650024518719874e-05
0,butternut squash,3.643746822490357e-05
0,car wheel,3.603607910918072e-05
0,potter's wheel,3.587847459129989e-05
0,"gar, garfish, garpike, billfish, Lepisosteus osseus",3.5690263757715e-05
0,"American chameleon, anole, Anolis carolinensis",3.5160941479261965e-05
0,"trolleybus, trolley coach, trackless trolley",3.4368393244221807e-05
0,moving van,3.4250861062901095e-05
0,Crock Pot,3.423215093789622e-05
0,"warplane, military plane",3.416229083086364e-05
0,"apiary, bee house",3.408835254958831e-05
0,"stupa, tope",3.378876863280311e-05
0,"garbage truck, dustcart",3.298025330877863e-05
0,"lacewing, lacewing fly",3.274092523497529e-05
0,whippet,3.245513653382659e-05
0,"ruddy turnstone, Arenaria interpres",3.221171937184408e-05
0,"whiptail, whiptail lizard",2.9398133847280405e-05
0,"dishwasher, dish washer, dishwashing machine",2.8977516194572672e-05
0,throne,2.8803824534406886e-05
0,"shield, buckler",2.6240093575324863e-05
0,"grille, radiator grille",2.5987170374719426e-05
0,"plane, carpenter's plane, woodworking plane",2.4968057914520614e-05
0,vine snake,2.4598903110018e-05
0,"washer, automatic washer, washing machine",2.4200424377340823e-05
0,"butcher shop, meat market",2.398364813416265e-05
0,"sunscreen, sunblock, sun blocker",2.1350935639929958e-05
0,convertible,1.9169798179063946e-05
0,alligator lizard,1.8327868019696325e-05
